City,Title,Link
台北市,台北｜七星山：在台北市第一高峰看夕陽！陽明山國家公園必訪，七星山主峰登山記錄,https://travel.yam.com/article/133347
台北市,台北｜士林：劍潭山搭捷運就能到，漫步劍潭寺，順遊忠烈祠！,https://travel.yam.com/article/12078
台北市,台北｜CAFE ACME Taipei 101：邊喝咖啡邊高空俯瞰台北市景，號稱最美早午餐店就在101,https://travel.yam.com/article/133243
台北市,台北｜北投中正山步道：浪漫夜景秘境！從夕陽霞光到星光點點，俯瞰台北市壯闊全景,https://travel.yam.com/article/132890
台北市,台北｜市區就能泡溫泉！渡假飯店、主題湯屋、溫泉餐廳、露天溫泉推薦，銅板價就能泡全台唯一「青磺泉」,https://travel.yam.com/article/132677
台北市,台北｜冒險者公會：揪團聚餐玩遊戲！信義區深夜酒吧，3面環繞沉浸投影，看比賽、玩Switch超過癮,https://travel.yam.com/article/131667
台北市,走訪2座歷史人文故事商圈！大龍峒、台中美術園道景點推薦,https://travel.yam.com/article/126407
台北市,關渡自然公園｜北台灣的賞鳥天堂｜台北市最後一塊濕地淨土,https://travel.yam.com/article/120839
台北市,台北文山-貓空纜車寬闊視野，整個台北市都在我腳下，賞櫻兼吃濃郁茶香霜淇淋，想看台北風景就到貓空來吧!,https://travel.yam.com/article/122540
台北市,台北｜雞老闆桶仔雞：雞肉軟嫩多汁，加上雞油跟胡椒更美味！加碼超好吃烤肉串和海鮮,https://travel.yam.com/article/125649
新北市,2024全台5月活動推薦！花火節、沙雕季、大型風箏相繼登場，還能眺望台東最美星河！,https://travel.yam.com/article/134500
新北市,新北｜鳶山紅樓：三峽千坪世外桃源！主打創意無菜單料理，個人、聚餐都很可以！,https://travel.yam.com/article/133392
新北市,2024新北旅遊大百科！吃喝玩樂一日遊，秘境、步道、露營、海邊景點全收錄，持續更新中,https://travel.yam.com/article/129870
新北市,新北｜烘爐地：突破空間限制，有網路就能看百萬夜景！全台最大土地公像就在南勢角山,https://travel.yam.com/article/130877
新北市,2023新開幕景點一次看！全台首家寶可夢中心、百年歷史市場、極光冰場百貨都在今年登場！,https://travel.yam.com/article/130564
新北市,新北｜板橋一日遊：漫步枋橋古城、踩點市場美食，耶誕城順遊路線這樣玩！,https://travel.yam.com/article/132744
新北市,2023新北歡樂耶誕城主題燈區搶先開箱！11/17準時開城，系列活動、演唱會資訊整理，順遊周邊景點美食一次報給你！（持續更新,https://travel.yam.com/article/132588
新北市,新北｜秋芒翻飛九份山城，捕捉浪漫秋日之旅,https://travel.yam.com/article/132738
新北市,新北｜烏來旅晨溫泉民宿：超時髦湯屋、森林景觀View、超好質感民宿，烏來泡湯推薦,https://travel.yam.com/article/132084
新北市,新北｜上田雞肉：捷運永安市場站美食！激推好吃雞肉飯，嫩口Ｑ彈古早味,https://travel.yam.com/article/132294
基隆市,基隆｜球子山燈塔：基隆最夯取景打卡點，十分鐘就能攻頂！基隆市、港區盡收眼底,https://travel.yam.com/article/132398
基隆市,基隆｜走訪台版小敦煌！仙洞巖、佛手洞，探險天然奇景海蝕洞,https://travel.yam.com/article/125617
基隆市,【遊∥基隆市】九份、金瓜石（二）。旅遊篇,https://travel.yam.com/article/74660
桃園市,2024北橫櫻花季，櫻花即時花況報你知！,https://travel.yam.com/article/133917
桃園市,桃園｜桃園市區8大必訪景點：全台最美圖書館、日式神社，戶外室內景點一次收,https://travel.yam.com/article/132250
桃園市,桃園｜涮金鍋和風涮涮鍋：嚴選黃金雞湯為火鍋基底，蔬食飲料自助吧無限量供應！,https://travel.yam.com/article/132716
桃園市,桃園｜涮金鍋和風涮涮鍋：深夜覓食來這裡！豐富海鮮、肉品、蔬菜想吃什麼一次滿足！,https://travel.yam.com/article/132536
桃園市,桃園復興｜巴陵生態園區｜體驗原民部落歷史．走入森林中的博物館,https://travel.yam.com/article/128750
桃園市,桃園｜火之舞蓁品燒和牛放題：最狂頂級美澳和牛吃到飽餐廳！海陸食材炭火烤超美味,https://travel.yam.com/article/128629
桃園市,桃園｜打包包子1號店DA BAO：裝入整顆紅燒獅子頭的包子，皮Q有勁、餡料足！,https://travel.yam.com/article/128581
桃園市,桃園龍潭四大「客家旅遊景點」推薦！認識傳統茶藝、順遊客家文化館，再加碼乳姑山絕美夜景！,https://travel.yam.com/article/128557
桃園市,來龍潭看孔雀開屏！2022桃園燈會主燈現身「龍潭大池」，七彩光影浪漫感爆表！,https://travel.yam.com/article/128010
桃園市,桃園龍潭｜兩天一夜行程攻略！讓球迷、歷史迷都尖叫的景點看這篇，感受客家文化魅力,https://travel.yam.com/article/127772
新竹市,新竹｜9個新竹車站周邊景點推薦：不只城隍廟，新竹之心、鐵道藝術村步行僅10分鐘就到！,https://travel.yam.com/article/134161
新竹市,【新竹市特搜6家人氣滷肉飯】 在地人口袋名單滷肉飯曝光 狂推半熟蛋好滋味,https://travel.yam.com/article/120344
新竹市,「2023新竹國際風箏節」9/9~9/10登場，特技風箏、夜光風箏通通有！,https://travel.yam.com/article/131731
新竹市,新竹｜新竹市國際風箏節：2隻全球最大30公尺鯨魚風箏同場較勁，各式「漁樂」活動等你玩,https://travel.yam.com/article/131732
新竹市,新竹｜全新開放絕美地景遊戲場！「那魯灣文化聚落」玩超快溜滑梯，眺望巨大風車及海岸風光,https://travel.yam.com/article/126751
新竹市,2022年9月全台各地推薦活動,https://travel.yam.com/article/128735
新竹市,新竹市眷村博物館-新竹/入館免門票~進入懷舊小時光好好拍,https://travel.yam.com/article/128743
新竹市,新竹市嚴選六家日本味拉麵！你吃過了嗎？,https://travel.yam.com/article/121622
新竹市,好客新竹 | 一日客庄文化散步旅,https://travel.yam.com/article/121342
新竹市,解鎖文青控必去的6間新竹市老屋！ 帶著懷舊靈魂一起來找尋重生的特色老宅,https://travel.yam.com/article/120425
新竹縣,這個夏天，沿著濱海公路，發現沒有太多人的海角秘境！（西濱快速公路篇）,https://travel.yam.com/article/119440
新竹縣,【懶人包】連假賞櫻攻略~全台21櫻花秘境看這裡！,https://travel.yam.com/article/111493
新竹縣,竹縣「觀光8號」今年秋冬上路，到觀霧國家森林遊樂區更方便啦~,https://travel.yam.com/article/128089
宜蘭縣,2023宜蘭聖誕主題燈展｜繽紛霓虹點亮冬夜，燈飾裝置展至2月底，每日還有燈光音樂秀！,https://travel.yam.com/article/133427
宜蘭縣,宜蘭｜露露Lulü Coffee：台版沖繩港川外人住宅風，簡約質感日系風超好拍,https://travel.yam.com/article/125650
宜蘭縣,宜蘭｜奇麗灣珍奶文化館：打卡超夯燈泡奶茶，還能體驗彩色珍珠DIY、吃美食！宜蘭免門票觀光工廠、親子景點推薦,https://travel.yam.com/article/125632
宜蘭縣,宜蘭礁溪親子館｜0-6歲幼兒免費使用，有舒適遊戲空間、多元親子活動、社福和幼兒照顧諮詢與講座！,https://travel.yam.com/article/119114
宜蘭縣,宜蘭縣政府中央公園｜奇特夢幻的宜蘭耶誕村，11/16正式點燈提前感受濃濃耶誕氣氛,https://travel.yam.com/article/109408
宜蘭縣,【宜蘭一日遊】最美的公家機關，婚攝外拍取景最愛！可帶寵物的熱門旅遊景點～,https://travel.yam.com/article/100374
台中市,台中｜時光沉澱的韻味，台中五大眷村景點推薦，帶你逛遍人文地景、文創市集,https://travel.yam.com/article/132881
台中市,不只五月天！ 2024台中跨年夜「攻蛋陣容」超強卡司接力飆唱,https://travel.yam.com/article/132772
台中市,台中｜知高圳步道：親子級步道推薦，360度環視台中市景,https://travel.yam.com/article/132610
台中市,台中｜伊麗莎白酒店：交通超便利歐風時尚旅店，近廣三SOGO，到火車站只要10分鐘！,https://travel.yam.com/article/132538
台中市,南投台中二日遊｜暢遊南投名間茶之鄉、走訪復古台中南屯老街，美食、景點總整理！,https://travel.yam.com/article/132409
台中市,台中｜10個室內親子景點推薦：親子、運動、文青類通通有，熱天雨天都能輕鬆玩～,https://travel.yam.com/article/131720
台中市,台中海線景點懶人包｜奇幻地下堡壘、翱翔夜空的沙鹿之翼，還能住進日據時期巡佐的家！,https://travel.yam.com/article/131343
台中市,昨日花卷 跨界好食｜西區台中市–舒適寬敞的用餐環境，品嚐跨國界美味料理，平日有超值的商業午餐,https://travel.yam.com/article/113053
台中市,2019台中市藝術亮點一日遊！市區內的五間藝文亮點、隱藏景點，還有免費展覽！,https://travel.yam.com/article/115628
台中市,台中｜豐雞號：道地港式油雞廣東滷味超下酒，河南店限定推出好食雙雞套餐,https://travel.yam.com/article/125661
苗栗縣,苗栗｜崎頂子母隧道：全國唯一兩座相連的雙軌道隧道！沐浴在芬多精的輕鬆步道，欣賞海景與鐵路的美景,https://travel.yam.com/article/125621
苗栗縣,竹縣「觀光8號」今年秋冬上路，到觀霧國家森林遊樂區更方便啦~,https://travel.yam.com/article/128089
苗栗縣,苗栗｜台三線獅潭老街必吃美食「獅潭仙草」：炸仙草、仙草霜淇淋、仙草芋園，古法熬煮清香又甘甜,https://travel.yam.com/article/125645
苗栗縣,鐵道迷必收藏！全台17處鐵道公園、文化園區等著你,https://travel.yam.com/article/120004
苗栗縣,【苗栗縣三灣】三灣落羽松秘境，夢幻湖中落羽松,https://travel.yam.com/article/110457
彰化縣,彰化｜虎山巖金針花：母親節限定！三萬株金黃花海遍佈山丘，順訪彰化縣定古蹟,https://travel.yam.com/article/134568
彰化縣,彰化｜到芳苑潮間帶採蚵！搭海牛車、挖文蛤、 烤鮮蚵、秋刀魚吃到飽，價格行程一覽,https://travel.yam.com/article/125653
彰化縣,彰化縣大村│大路畔柑仔店~復古場景盡情美拍│讓人懷念與充滿童趣的回憶裡吧,https://travel.yam.com/article/123986
彰化縣,彰化伸港│彰化縣生態教育中心。白色海豚屋，IG打卡景點拍不停！,https://travel.yam.com/article/117094
彰化縣,彰化景點｜水銡利觀光工廠 世界最大水龍頭絕對是IG打卡點 親子遊戲室/玩沙戲水/3D彩繪好好玩,https://travel.yam.com/article/111550
南投縣,奧萬大森林巴士天天出發｜仁愛鄉南投縣–幸福森在其中踩線二日遊，安心旅遊就在森林深度行,https://travel.yam.com/article/120728
南投縣,南投縣鯉魚潭！山明水秀，清雅秀麗，潭中柳堤頗有小江南之韻味,https://travel.yam.com/article/102679
雲林縣,雲林斗六｜2020新景點：鵝童樂園，有大草原球場的複合式兒童樂園，IG打卡、親子同遊好去處～,https://travel.yam.com/article/117536
高雄市,高雄｜和逸飯店：高CP值飯店推薦！大片落地窗一睹高雄市夜景，眺望85大樓吃早餐,https://travel.yam.com/article/130032
高雄市,高雄｜高雄市立歷史博物館：免門票景點！必看特色展區懶人包，收藏特色紀念幣,https://travel.yam.com/article/128647
高雄市,高雄｜必存市區健行踏青路線，漫遊百年神木與中山大學長城步道，還有蔚藍大海！,https://travel.yam.com/article/128236
高雄市,高雄左營｜左營舊城古蹟巡禮：全台唯一結合AR光雕投影動態，演繹百年歷史！深度走讀左營，認識舊城古蹟,https://travel.yam.com/article/126212
高雄市,高雄｜走訪一把青拍攝場景「安樂樓」，斑駁的華麗建築，熱門廢墟風打卡點,https://travel.yam.com/article/125611
高雄市,高雄岡山｜高雄市皮影戲館，多種互動體驗的親子同樂免費景點,https://travel.yam.com/article/111438
高雄市,【情報】2019高雄燈會藝術節：愛河燈會金銀河，周邊景點大補帖！,https://travel.yam.com/article/110936
高雄市,｜高雄‧新興｜繽紛自來水公園,https://travel.yam.com/article/54767
台南市,台南｜台南市消防史料館：結合消防、古蹟與觀光！逛完再到雙全紅茶、阿娟咖哩飯享用美食,https://travel.yam.com/article/133500
台南市,2024台南走春行程、景點懶人包｜熱門、最新景點、絕美燈會、必買伴手禮一次收藏！,https://travel.yam.com/article/133527
台南市,台南｜旅遊攻略懶人包！最新20個人氣打卡點，必訪秘境、網美、親子、追劇景點總整理,https://travel.yam.com/article/128776
台南市,台南｜福樓餐廳：米其林推薦30年古早味台菜餐廳，嚴選在地食材、當日漁貨，宴會聚餐首選,https://travel.yam.com/article/132012
台南市,台南｜兩天一夜漫遊台南：從奇美博物館、林百貨到小巷中的CHUN純薏仁、餐桌上的鹿早，吃喝玩賞文化古都,https://travel.yam.com/article/131654
台南市,台南好好玩~從早到晚都精采！今年暑假台南這樣,https://travel.yam.com/article/128561
台南市,台南兩天一夜懶人包！參觀超夯南美館「殭屍展」，玻璃咖啡廳喝孟婆湯，漫遊漁光島秘境,https://travel.yam.com/article/128466
台南市,台南展覽｜未演先轟動！南美館「亞洲的地獄與幽魂展」驚悚開展，挑戰你的膽量極限！,https://travel.yam.com/article/128270
台南市,台南護校學生的隱藏版冰店！品馨冰菓室，挑戰全台南最多草莓、價格最便宜的草莓冰,https://travel.yam.com/article/127281
台南市,台南｜井仔腳瓦盤鹽田：探訪目前台灣最古老的鹽田， 欣賞一座又一座堆疊出來的小鹽山之美，體驗往日曬鹽的艱辛,https://travel.yam.com/article/123435
嘉義市,精選全台日式神社遺址：走入歷史文物感受古代樸實之美，濃厚日本風情電影都愛在這取景,https://travel.yam.com/article/131285
嘉義市,2023全台十月活動懶人包！風箏節、音樂祭、溫泉節，初秋旅遊正合適！,https://travel.yam.com/article/132009
嘉義市,2023國慶連假活動推薦！盤點全台15+人氣活動，熱氣球、風箏節、煙火秀別錯過！,https://travel.yam.com/article/132008
嘉義市,嘉義｜新嘉大昆蟲館：打卡球型蝴蝶溫室花園，近距離觀察無數昆蟲標本,https://travel.yam.com/article/128875
嘉義市,嘉義｜吃喝玩樂懶人包：含11個必去景點、34間必吃在地美食！來嘉義玩看這篇就對啦！,https://travel.yam.com/article/131332
嘉義市,今年國慶煙火回「嘉」啦！ 賞煙火前，還能順道同遊大家最愛的嘉義日系景點！,https://travel.yam.com/article/128969
嘉義市,嘉義｜KANO園區、昭和十八J18-嘉義市史蹟資料館、射日塔：嘉義公園周邊景點一次攻略！別再說嘉義市區沒景點好玩,https://travel.yam.com/article/129957
嘉義市,518國際博物館日：全台博物館期間限定活動看這裡！,https://travel.yam.com/article/112906
嘉義市,嘉義景點推薦｜超過15個必訪景點，適合嘉義一日遊、二日遊的好去處！,https://travel.yam.com/article/125772
嘉義市,2022年12月全台各地推薦活動,https://travel.yam.com/article/129395
嘉義縣,2024國際博物館日：5/18全台博物館免門票名單、主題系列活動一次看！,https://travel.yam.com/article/134580
嘉義縣,2024嘉義瑞里紫藤花季：漫步紫色山城！周邊景點、DIY、餐廳推薦，感受瑞里浪漫氛圍,https://travel.yam.com/article/134172
嘉義縣,518國際博物館日：全台博物館期間限定活動看這裡！,https://travel.yam.com/article/112906
嘉義縣,搭火車來趟小站之旅！那些你不一定聽過，但值得停留的車站：彰化-台南篇,https://travel.yam.com/article/120325
嘉義縣,嘉義民雄｜嘉義縣表演藝術中心：古色古香別有洞天！超好拍～水榭迴廊、蓮花湖畔、閩南式建築，鳳凰花、阿勃勒,https://travel.yam.com/article/119144
屏東縣,屏東｜職人町：520玩古今穿越！來看十二花神祭、和服浴衣體驗，滿滿好康帶回家！,https://travel.yam.com/article/130695
屏東縣,屏東｜國境之南音浪來襲！搖滾、文青、懷舊音樂連唱三天！古物販售、美食佳餚接力上！,https://travel.yam.com/article/130355
屏東縣,屏東｜兒童節懶人包：連假哪裡去？來屏東體驗獵人野外求生、手作黏土磁鐵、鳳梨採收！12條親子走讀行程大滿載！,https://travel.yam.com/article/130324
屏東縣,【屏東景點】屏東縣客家文化中心：客家圓樓、屏安福、油紙傘、飛天書，深入了解傳統文化,https://travel.yam.com/article/129117
屏東縣,屏東書院園區老建築華麗變身！空間優美文青好好拍,https://travel.yam.com/article/127846
屏東縣,屏東墾丁｜SUP立槳運動俱樂部：空拍清澈海洋宛如在國外，享受漂浮海上的樂趣！,https://travel.yam.com/article/125655
屏東縣,屏東墾丁｜藍海晴天海景民宿：坐擁無敵海景，享受露天泡澡！敞直通大海玩水，與寄居蟹追逐,https://travel.yam.com/article/125638
屏東縣,屏東｜福爾摩莎可可農場：屏東最美觀光工廠！大推巧克力霜淇淋、巧克力馬卡龍,https://travel.yam.com/article/125628
屏東縣,屏東｜屏東縣政府文化處圖書館：全台唯一的森林系圖書館！被綠色植物簇擁的絕美圖書館～,https://travel.yam.com/article/121005
屏東縣,華僑市場魚莊生魚片專賣店｜東港鎮屏東縣–Google評價有4.8顆星的生魚片專賣店，食材新鮮品嚐黑鮪魚的好地方,https://travel.yam.com/article/119088
花蓮縣,2024國際博物館日：5/18全台博物館免門票名單、主題系列活動一次看！,https://travel.yam.com/article/134580
花蓮縣,花蓮｜2024富里稻草藝術季：大金剛、藍鵲、黑熊，巨型稻草裝置藝術坐落田園，搭配百日草限定花海好好拍！,https://travel.yam.com/article/133850
花蓮縣,下雨出遊也不怕！花蓮雨天景點懶人包整理，2023年花蓮全新室內景點、雨備這樣玩～,https://travel.yam.com/article/129928
花蓮縣,花蓮｜壽豐16個必玩景點推薦！踏青、看海、落羽松秘境、獵人體驗，來趟自然系放鬆之旅,https://travel.yam.com/article/129398
花蓮縣,花蓮縣定古蹟的傳統日式老屋咖啡廳 還有柴柴陪伴！,https://travel.yam.com/article/126673
花蓮縣,花蓮富里｜2022第三屆稻草藝術季「開猩樂園：來稻侏羅紀」：稻草打造的大型藝術裝置，打卡超萌戶外動物園,https://travel.yam.com/article/126525
花蓮縣,2021年太平洋溫泉季｜瑞穗英雄湯展區：日式浪漫庭園風，夜遊五彩繽紛燈籠光廊、情人橋、粉色櫻花、溫泉浴桶,https://travel.yam.com/article/125630
花蓮縣,花蓮壽豐｜花蓮縣考古博物館：與親子互動結合，承載花蓮史前文化與脈絡的活化空間,https://travel.yam.com/article/123606
台東縣,【台東住宿】伊塔原旅｜入住就送有點野週末Bar！加碼超浮誇部落早餐，讓你飽到中午不會餓,https://travel.yam.com/article/128269
台東縣,11月全新開幕，原住民藝術文化特色飯店！伊塔原旅-台東縣原住民文化會館,https://travel.yam.com/article/126337
台東縣,台東｜加路蘭遊憩區：海邊遇上跳舞的人,https://travel.yam.com/article/118407
台東縣,【池上●接龍拉拉車】帶你體驗團結的樂趣，繞出在地人的鄉土情。,https://travel.yam.com/article/75302
